Province,Year,Quarter,All-items,Food,Shelter,Energy,Gasoline,Goods,Services,Household_ops,Clothing and footwear,Transportation,Health and personal care,"Recreation, education and reading","Alcoholic beverages, tobacco products and recreational cannabis"
Alberta,2020,1,144.76666666666665,153.20000000000002,174.46666666666667,160.70000000000002,143.5,123.56666666666666,167.83333333333334,122.56666666666666,102.0,146.13333333333333,139.76666666666665,114.63333333333333,171.46666666666667
Alberta,2020,2,144.03333333333333,153.70000000000002,173.73333333333335,148.66666666666666,126.46666666666665,121.56666666666666,168.6,122.63333333333333,96.66666666666667,144.70000000000002,139.5,114.66666666666667,173.4
Alberta,2020,3,144.70000000000002,152.79999999999998,174.66666666666666,164.46666666666667,151.9,122.93333333333334,168.53333333333333,122.66666666666667,96.93333333333334,147.23333333333332,140.23333333333335,115.46666666666665,172.26666666666665
Alberta,2020,4,145.13333333333333,152.96666666666667,175.5333333333333,165.79999999999998,152.29999999999998,123.23333333333333,169.1,122.16666666666667,97.53333333333335,148.53333333333333,140.23333333333335,115.56666666666668,171.13333333333333
Alberta,2021,1,146.36666666666667,155.0,176.86666666666667,181.5666666666667,169.23333333333335,125.76666666666667,168.9,121.33333333333333,93.76666666666667,153.5,140.66666666666666,115.8,170.66666666666666
Alberta,2021,2,148.4,156.76666666666668,178.0,192.66666666666666,193.46666666666667,128.5666666666667,170.0,121.7,96.03333333333335,158.79999999999998,141.03333333333333,116.73333333333335,173.26666666666665
Alberta,2021,3,150.70000000000002,157.9,182.4,211.03333333333333,205.73333333333335,131.20000000000002,171.9,122.39999999999999,95.53333333333335,163.23333333333335,141.33333333333334,119.26666666666667,173.79999999999998
Alberta,2021,4,151.6,159.70000000000002,183.4,220.86666666666665,213.1,132.73333333333332,171.76666666666665,122.06666666666666,96.60000000000001,166.03333333333333,141.4,118.83333333333333,172.83333333333334
Alberta,2022,1,154.6,164.66666666666666,187.26666666666665,238.4333333333333,228.0,136.76666666666665,173.23333333333335,123.03333333333335,95.56666666666666,171.0666666666667,141.33333333333334,121.5,174.9333333333333
Alberta,2022,2,159.20000000000002,168.53333333333333,192.0333333333333,259.3333333333333,260.03333333333336,141.63333333333333,177.36666666666667,126.96666666666665,99.03333333333335,180.23333333333335,143.36666666666667,123.76666666666667,178.20000000000002
Alberta,2022,3,160.5,172.4,192.9,241.79999999999998,242.4,141.5666666666667,180.46666666666667,128.26666666666668,98.10000000000001,180.46666666666667,145.46666666666667,125.2,179.0
Alberta,2022,4,161.4,176.13333333333333,196.1,234.83333333333334,225.9333333333333,142.36666666666667,181.53333333333333,128.76666666666668,99.5,177.36666666666667,147.9,122.73333333333333,181.29999999999998
Alberta,2023,1,160.76666666666665,180.33333333333334,194.16666666666666,199.53333333333333,197.23333333333335,140.66666666666666,182.26666666666665,128.29999999999998,98.0,171.20000000000002,150.76666666666665,122.83333333333333,182.96666666666667
Alberta,2023,2,164.06666666666666,182.20000000000002,201.79999999999998,232.29999999999998,219.4,145.03333333333333,184.0666666666667,127.73333333333333,99.16666666666667,177.4,153.13333333333333,124.53333333333335,185.5
Alberta,2023,3,166.26666666666668,183.46666666666667,210.80000000000004,254.63333333333333,219.4333333333333,146.96666666666667,186.5666666666667,125.86666666666667,97.66666666666667,179.73333333333335,154.53333333333333,124.89999999999999,187.6
Alberta,2023,4,165.46666666666667,184.6,212.13333333333333,226.63333333333333,201.73333333333335,144.1,188.4,123.89999999999999,97.86666666666667,175.4333333333333,155.03333333333333,123.03333333333335,188.29999999999998
Alberta,2024,1,166.66666666666666,187.4333333333333,215.46666666666667,228.19999999999996,206.23333333333335,144.76666666666668,190.16666666666666,125.13333333333333,94.10000000000001,176.1,156.20000000000002,121.76666666666665,191.4
Alberta,2024,2,169.03333333333333,187.9666666666667,217.76666666666665,240.0,238.26666666666665,146.23333333333335,193.5,124.43333333333334,96.13333333333333,183.16666666666666,158.4,124.60000000000001,194.29999999999998
Alberta,2024,3,169.9333333333333,189.70000000000002,219.83333333333334,234.9333333333333,233.03333333333333,145.9,195.79999999999998,125.0,95.23333333333333,183.5666666666667,158.53333333333333,125.13333333333333,194.5
Alberta,2024,4,170.0,189.86666666666667,223.33333333333334,226.9333333333333,218.63333333333333,145.36666666666667,196.66666666666666,124.3,95.26666666666667,180.5666666666667,157.79999999999998,124.66666666666667,195.79999999999998
Alberta,2025,1,171.16666666666666,190.9333333333333,224.4333333333333,233.5666666666667,227.6,147.33333333333334,196.83333333333334,125.83333333333333,95.10000000000001,182.73333333333335,158.66666666666666,125.2,196.03333333333333
Alberta,2025,2,171.76666666666665,193.79999999999998,223.86666666666667,205.20000000000002,199.86666666666667,145.79999999999998,199.9,127.03333333333335,97.83333333333333,179.76666666666665,161.26666666666668,125.46666666666665,198.9333333333333
Alberta,2025,3,172.53333333333333,195.70000000000002,224.13333333333333,202.86666666666667,201.4333333333333,146.1,201.23333333333335,128.53333333333333,95.8,182.26666666666665,162.6,124.39999999999999,199.29999999999998
British Columbia,2020,1,132.43333333333334,148.96666666666667,126.73333333333333,166.4,185.36666666666667,124.53333333333335,139.03333333333333,120.0,110.56666666666666,144.33333333333334,123.06666666666666,125.60000000000001,160.33333333333334
British Columbia,2020,2,131.76666666666665,149.6,126.36666666666667,149.5,153.83333333333334,122.2,139.6,120.93333333333334,103.8,141.56666666666666,124.33333333333333,125.60000000000001,160.79999999999998
British Columbia,2020,3,132.5,149.66666666666666,126.66666666666667,162.13333333333333,176.6,123.53333333333335,139.9,121.5,104.3,143.33333333333334,125.63333333333333,126.96666666666665,160.13333333333333
British Columbia,2020,4,133.0,149.93333333333334,128.96666666666667,159.93333333333334,168.4,123.7,140.66666666666666,121.2,106.26666666666667,142.5,126.36666666666667,125.7,158.1
British Columbia,2021,1,134.20000000000002,150.9333333333333,129.66666666666666,174.0,192.23333333333335,125.89999999999999,141.16666666666666,121.03333333333335,103.93333333333334,147.9,125.89999999999999,126.3,158.86666666666667
British Columbia,2021,2,135.36666666666667,151.93333333333334,131.79999999999998,185.36666666666667,212.1,128.29999999999998,141.36666666666667,121.3,106.96666666666665,147.0666666666667,128.13333333333333,127.73333333333333,159.9
British Columbia,2021,3,136.96666666666667,153.4333333333333,133.5,192.16666666666666,225.33333333333334,130.03333333333333,142.9,121.73333333333333,106.10000000000001,149.20000000000002,129.1,131.83333333333334,161.5
British Columbia,2021,4,138.0,155.93333333333334,135.76666666666665,192.33333333333334,220.5,130.96666666666667,144.0666666666667,121.63333333333333,105.53333333333335,149.4,129.9333333333333,130.6,162.36666666666667
British Columbia,2022,1,140.93333333333334,160.03333333333333,138.9333333333333,210.1,249.06666666666663,134.66666666666666,146.23333333333332,123.23333333333333,104.86666666666667,155.33333333333334,129.29999999999998,132.70000000000002,165.53333333333333
British Columbia,2022,2,145.6,163.53333333333333,142.5,236.9333333333333,296.96666666666664,139.36666666666667,150.86666666666667,127.90000000000002,107.56666666666666,166.1,132.16666666666666,137.06666666666666,168.13333333333333
British Columbia,2022,3,147.46666666666667,167.6,143.83333333333334,228.26666666666665,277.5333333333333,140.4,153.46666666666667,129.26666666666668,104.7,167.66666666666666,133.29999999999998,140.73333333333332,173.4
British Columbia,2022,4,147.9333333333333,170.29999999999998,145.76666666666668,218.33333333333334,259.23333333333335,140.86666666666667,153.86666666666667,129.4333333333333,106.03333333333335,164.83333333333334,135.43333333333334,135.73333333333335,175.4
British Columbia,2023,1,148.96666666666667,174.83333333333334,147.5,211.36666666666667,248.86666666666667,141.9,154.86666666666667,128.33333333333334,106.60000000000001,163.16666666666666,137.0666666666667,135.83333333333334,177.76666666666665
British Columbia,2023,2,151.0,176.26666666666665,149.5,218.63333333333333,263.1666666666667,143.70000000000002,157.1,128.96666666666667,108.26666666666667,165.73333333333335,140.23333333333332,140.03333333333333,179.5666666666667
British Columbia,2023,3,152.46666666666667,178.0666666666667,151.5,222.96666666666667,272.59999999999997,143.73333333333332,159.86666666666667,128.16666666666666,105.39999999999999,167.86666666666667,141.06666666666666,145.56666666666666,180.0666666666667
British Columbia,2023,4,152.5,179.33333333333334,155.23333333333335,207.4333333333333,247.43333333333337,142.29999999999998,161.03333333333333,126.16666666666667,106.39999999999999,164.36666666666667,141.0,139.29999999999998,180.36666666666667
British Columbia,2024,1,153.13333333333333,181.63333333333333,157.23333333333335,204.83333333333334,243.23333333333335,142.5666666666667,162.0,127.06666666666666,101.73333333333333,163.66666666666666,141.9,137.29999999999998,182.76666666666665
British Columbia,2024,2,155.20000000000002,181.4333333333333,159.5,222.70000000000002,270.2,144.0,164.6,126.83333333333333,103.66666666666667,168.26666666666665,144.06666666666666,142.23333333333332,183.9
British Columbia,2024,3,156.13333333333333,183.0,160.73333333333335,210.26666666666665,247.79999999999998,143.26666666666668,166.83333333333334,128.06666666666666,101.8,167.76666666666668,144.26666666666668,144.46666666666667,185.4
British Columbia,2024,4,156.20000000000002,183.79999999999998,162.96666666666667,205.23333333333335,238.86666666666667,143.06666666666666,167.06666666666666,126.83333333333333,102.83333333333333,166.5666666666667,143.9,140.4333333333333,184.4
British Columbia,2025,1,157.13333333333333,184.96666666666667,163.6,215.63333333333333,251.4333333333333,145.1,167.20000000000002,127.8,102.10000000000001,169.63333333333333,143.96666666666667,140.93333333333334,184.46666666666667
British Columbia,2025,2,158.53333333333333,187.9,164.23333333333332,197.4333333333333,228.03333333333333,145.03333333333333,169.76666666666665,129.20000000000002,105.3,168.6,147.29999999999998,143.36666666666667,186.26666666666665
British Columbia,2025,3,158.96666666666667,189.4333333333333,164.29999999999998,198.79999999999998,229.03333333333333,145.1,170.46666666666667,129.5,103.76666666666667,168.4333333333333,148.96666666666667,144.86666666666667,186.36666666666667
Iqaluit,2020,1,132.29999999999998,,,,,,,,,,,,
Iqaluit,2020,2,131.70000000000002,,,,,,,,,,,,
Iqaluit,2020,3,130.70000000000002,,,,,,,,,,,,
Iqaluit,2020,4,130.96666666666667,,,,,,,,,,,,
Iqaluit,2021,1,132.0,,,,,,,,,,,,
Iqaluit,2021,2,133.26666666666668,,,,,,,,,,,,
Iqaluit,2021,3,133.53333333333333,,,,,,,,,,,,
Iqaluit,2021,4,134.06666666666666,,,,,,,,,,,,
Iqaluit,2022,1,135.83333333333334,,,,,,,,,,,,
Iqaluit,2022,2,138.26666666666668,,,,,,,,,,,,
Iqaluit,2022,3,140.20000000000002,,,,,,,,,,,,
Iqaluit,2022,4,139.23333333333332,,,,,,,,,,,,
Iqaluit,2023,1,140.0666666666667,,,,,,,,,,,,
Iqaluit,2023,2,142.56666666666666,,,,,,,,,,,,
Iqaluit,2023,3,142.83333333333334,,,,,,,,,,,,
Iqaluit,2023,4,141.9333333333333,,,,,,,,,,,,
Iqaluit,2024,1,143.93333333333334,,,,,,,,,,,,
Iqaluit,2024,2,143.79999999999998,,,,,,,,,,,,
Iqaluit,2024,3,144.6,,,,,,,,,,,,
Iqaluit,2024,4,143.9333333333333,,,,,,,,,,,,
Iqaluit,2025,1,144.5,,,,,,,,,,,,
Iqaluit,2025,2,145.26666666666668,,,,,,,,,,,,
Iqaluit,2025,3,145.46666666666667,,,,,,,,,,,,
Manitoba,2020,1,137.73333333333335,150.23333333333332,155.46666666666667,139.79999999999998,148.43333333333334,122.53333333333335,154.5,124.2,97.43333333333334,137.79999999999998,121.8,115.83333333333333,188.9333333333333
Manitoba,2020,2,137.0,150.86666666666667,156.4,130.26666666666665,127.76666666666667,120.83333333333333,155.0,124.66666666666667,90.39999999999999,134.63333333333333,123.10000000000001,116.5,190.13333333333333
Manitoba,2020,3,137.4333333333333,151.16666666666666,155.33333333333334,142.0,151.03333333333333,122.36666666666667,154.13333333333333,125.06666666666666,92.56666666666666,135.73333333333332,124.03333333333335,117.36666666666667,189.4
Manitoba,2020,4,138.0,151.4,157.03333333333333,144.20000000000002,150.26666666666668,123.3,154.23333333333335,124.56666666666666,93.5,135.9333333333333,124.03333333333335,118.13333333333333,189.5666666666667
Manitoba,2021,1,139.0,152.23333333333335,158.66666666666666,154.79999999999998,168.0,125.3,154.26666666666668,122.5,92.86666666666667,140.20000000000002,124.16666666666667,118.03333333333335,190.26666666666665
Manitoba,2021,2,141.33333333333334,152.6,161.93333333333334,168.23333333333332,193.26666666666665,127.86666666666667,156.23333333333332,123.33333333333333,94.43333333333334,145.03333333333333,124.86666666666667,118.89999999999999,193.0666666666667
Manitoba,2021,3,143.20000000000002,154.03333333333333,165.96666666666667,173.73333333333335,202.1,129.53333333333333,158.33333333333334,123.7,93.03333333333335,148.76666666666668,125.3,119.10000000000001,193.9333333333333
Manitoba,2021,4,144.4333333333333,155.66666666666666,166.63333333333333,180.20000000000002,210.29999999999998,131.23333333333332,159.03333333333333,124.16666666666667,94.46666666666665,151.03333333333333,125.63333333333333,120.89999999999999,195.0666666666667
Manitoba,2022,1,147.79999999999998,160.63333333333333,170.36666666666667,193.66666666666666,232.96666666666667,135.26666666666668,161.29999999999998,126.03333333333335,93.89999999999999,157.29999999999998,126.0,123.09999999999998,197.79999999999998
Manitoba,2022,2,153.4,164.63333333333335,175.5,222.83333333333334,285.73333333333335,141.1,166.5,130.26666666666668,95.43333333333334,173.16666666666666,127.86666666666667,124.86666666666667,198.23333333333335
Manitoba,2022,3,155.03333333333333,169.5666666666667,177.36666666666667,215.36666666666667,270.23333333333335,141.63333333333333,169.6,130.56666666666666,95.2,175.13333333333333,129.46666666666667,125.43333333333334,197.20000000000002
Manitoba,2022,4,156.4,174.23333333333335,179.73333333333335,211.6,259.09999999999997,142.63333333333333,171.4,132.53333333333333,95.06666666666666,172.63333333333333,131.66666666666666,125.86666666666667,198.4333333333333
Manitoba,2023,1,156.9333333333333,177.79999999999998,181.83333333333334,197.13333333333333,231.26666666666665,142.36666666666667,173.0666666666667,133.73333333333332,94.53333333333335,168.06666666666666,134.23333333333332,125.3,199.96666666666667
Manitoba,2023,2,159.0,180.23333333333335,183.76666666666665,204.36666666666667,247.13333333333333,145.20000000000002,174.16666666666666,132.83333333333334,96.23333333333333,172.33333333333334,136.86666666666665,127.93333333333334,204.73333333333335
Manitoba,2023,3,159.33333333333334,181.36666666666667,185.36666666666667,203.9333333333333,247.76666666666665,145.20000000000002,174.79999999999998,130.20000000000002,95.60000000000001,174.29999999999998,137.20000000000002,127.30000000000001,206.66666666666666
Manitoba,2023,4,159.20000000000002,182.20000000000002,187.46666666666667,193.26666666666665,227.46666666666667,143.96666666666667,176.0666666666667,129.5,95.03333333333335,169.9333333333333,137.9,128.1,206.0
Manitoba,2024,1,158.26666666666668,183.96666666666667,190.03333333333333,175.73333333333335,193.86666666666667,141.70000000000002,176.9333333333333,128.76666666666668,90.46666666666665,163.1,139.03333333333333,126.5,206.5666666666667
Manitoba,2024,2,160.6,185.4,192.76666666666665,187.76666666666665,215.13333333333333,143.1,180.29999999999998,129.03333333333333,91.89999999999999,168.26666666666665,141.56666666666666,128.53333333333333,208.4333333333333
Manitoba,2024,3,161.36666666666667,187.76666666666665,194.6,188.79999999999998,216.9,143.56666666666666,181.5,129.03333333333333,91.0,168.16666666666666,142.0666666666667,129.06666666666666,209.76666666666665
Manitoba,2024,4,160.86666666666667,187.86666666666667,196.96666666666667,178.13333333333335,197.63333333333333,142.43333333333334,181.79999999999998,127.46666666666665,92.66666666666667,164.03333333333333,141.86666666666667,128.29999999999998,209.26666666666665
Manitoba,2025,1,163.1,188.33333333333334,199.36666666666667,197.13333333333333,232.70000000000002,145.29999999999998,183.23333333333335,129.03333333333333,92.8,170.36666666666667,141.63333333333333,130.43333333333334,209.66666666666666
Manitoba,2025,2,163.93333333333334,191.33333333333334,199.86666666666667,176.70000000000002,202.29999999999998,144.26666666666668,186.4333333333333,130.66666666666666,93.53333333333335,168.43333333333334,143.66666666666666,130.9,211.4333333333333
Manitoba,2025,3,165.03333333333333,193.9333333333333,200.63333333333333,179.79999999999998,208.23333333333335,145.56666666666666,187.26666666666665,132.0,93.60000000000001,169.5,144.96666666666667,131.16666666666666,212.73333333333335
New Brunswick,2020,1,137.16666666666666,158.66666666666666,142.5,157.26666666666668,146.73333333333332,131.9,144.0,124.46666666666665,101.26666666666665,135.83333333333334,119.96666666666665,122.56666666666666,206.63333333333333
New Brunswick,2020,2,135.6,160.66666666666666,141.4333333333333,137.36666666666667,112.39999999999999,128.73333333333332,144.4,125.60000000000001,94.23333333333333,130.43333333333334,120.39999999999999,121.56666666666666,207.6
New Brunswick,2020,3,136.66666666666666,159.53333333333333,142.1,147.79999999999998,131.79999999999998,130.13333333333333,144.96666666666667,126.03333333333335,97.8,133.23333333333332,120.39999999999999,122.3,208.0
New Brunswick,2020,4,136.9,159.70000000000002,142.4333333333333,147.53333333333333,130.73333333333332,130.43333333333334,145.1,125.36666666666667,98.89999999999999,134.16666666666666,121.03333333333335,121.7,207.0666666666667
New Brunswick,2021,1,138.7,161.79999999999998,143.66666666666666,160.5,153.83333333333334,133.4,145.5,124.2,97.23333333333333,140.73333333333332,120.96666666666665,121.76666666666667,206.5
New Brunswick,2021,2,141.0666666666667,163.43333333333334,146.86666666666667,172.13333333333333,172.9333333333333,136.36666666666667,147.0666666666667,124.56666666666666,98.33333333333333,145.43333333333334,122.0,122.5,209.5
New Brunswick,2021,3,142.93333333333334,166.4,148.1,178.73333333333335,184.13333333333333,138.6,148.29999999999998,125.03333333333335,98.83333333333333,149.79999999999998,122.56666666666666,123.7,210.70000000000002
New Brunswick,2021,4,144.46666666666667,168.70000000000002,149.6,184.6,192.36666666666667,140.86666666666667,148.66666666666666,125.56666666666666,98.46666666666665,152.43333333333334,123.60000000000001,125.39999999999999,211.0666666666667
New Brunswick,2022,1,147.33333333333334,173.66666666666666,152.23333333333332,195.96666666666667,208.73333333333335,144.86666666666667,149.93333333333334,126.56666666666666,98.83333333333333,158.23333333333332,123.3,128.1,211.6
New Brunswick,2022,2,153.03333333333333,178.96666666666667,157.46666666666667,229.16666666666666,259.73333333333335,152.53333333333333,152.53333333333333,129.6,101.8,171.9333333333333,126.96666666666665,129.5,214.4333333333333
New Brunswick,2022,3,153.53333333333333,183.0666666666667,157.86666666666667,214.4333333333333,236.63333333333335,151.96666666666667,154.56666666666666,128.76666666666668,102.43333333333334,169.73333333333335,129.16666666666666,130.73333333333332,215.4
New Brunswick,2022,4,154.5666666666667,185.53333333333333,162.66666666666666,213.29999999999998,220.83333333333334,152.46666666666667,156.43333333333334,129.6,103.7,166.5666666666667,130.96666666666667,128.43333333333334,216.76666666666665
New Brunswick,2023,1,155.43333333333334,190.36666666666665,162.36666666666667,203.16666666666666,212.33333333333334,152.9333333333333,157.73333333333335,129.9,104.03333333333335,165.4333333333333,134.29999999999998,129.6,217.83333333333334
New Brunswick,2023,2,157.43333333333334,194.9333333333333,163.0666666666667,203.76666666666665,219.9,154.66666666666666,160.23333333333332,130.70000000000002,104.66666666666667,168.13333333333333,136.63333333333333,131.73333333333332,222.96666666666667
New Brunswick,2023,3,158.83333333333334,196.66666666666666,165.53333333333333,216.9333333333333,241.13333333333333,156.6,160.86666666666667,127.60000000000001,104.36666666666667,173.46666666666667,137.5,132.1,225.26666666666665
New Brunswick,2023,4,158.36666666666667,197.0666666666667,168.0,205.4333333333333,216.66666666666666,155.1,161.79999999999998,127.36666666666667,104.16666666666667,168.16666666666666,137.33333333333334,130.70000000000002,226.5
New Brunswick,2024,1,159.0666666666667,199.4333333333333,169.0,200.9,213.13333333333333,155.0,163.56666666666666,128.5,101.73333333333335,167.6,138.93333333333334,131.13333333333333,227.23333333333335
New Brunswick,2024,2,161.96666666666667,201.33333333333334,174.0666666666667,217.83333333333334,232.79999999999998,157.83333333333334,166.4333333333333,128.79999999999998,102.93333333333334,172.63333333333333,141.5,132.29999999999998,230.36666666666667
New Brunswick,2024,3,161.79999999999998,203.03333333333333,174.79999999999998,210.13333333333335,220.16666666666666,156.29999999999998,168.1,129.6,98.83333333333333,170.1,141.1,132.4,232.03333333333333
New Brunswick,2024,4,161.16666666666666,201.5,176.76666666666665,205.13333333333333,209.86666666666667,155.29999999999998,168.03333333333333,128.53333333333333,97.5,168.29999999999998,141.86666666666665,130.79999999999998,230.03333333333333
New Brunswick,2025,1,161.5666666666667,201.26666666666665,175.66666666666666,204.0,216.26666666666665,155.96666666666667,168.1,129.6,97.66666666666667,170.20000000000002,142.46666666666667,133.06666666666666,225.5333333333333
New Brunswick,2025,2,163.26666666666668,208.0666666666667,178.46666666666667,192.1,188.26666666666665,156.26666666666665,171.6,130.4,101.10000000000001,165.76666666666665,145.13333333333333,133.63333333333333,233.96666666666667
New Brunswick,2025,3,164.5,210.0666666666667,179.46666666666667,195.63333333333333,192.96666666666667,157.46666666666667,172.86666666666667,131.53333333333333,100.23333333333333,167.76666666666665,146.83333333333334,134.79999999999998,233.36666666666667
Newfoundland and Labrador,2020,1,139.83333333333334,150.06666666666666,165.76666666666668,171.5666666666667,149.83333333333334,130.6,153.73333333333332,121.3,97.93333333333334,143.86666666666667,123.43333333333334,108.93333333333334,187.16666666666666
Newfoundland and Labrador,2020,2,138.4333333333333,152.13333333333333,163.66666666666666,151.06666666666666,119.56666666666666,127.83333333333333,154.23333333333335,122.10000000000001,93.2,138.46666666666667,123.86666666666667,109.76666666666667,187.23333333333335
Newfoundland and Labrador,2020,3,139.36666666666667,150.6,165.13333333333333,162.46666666666667,138.70000000000002,129.5,154.16666666666666,122.89999999999999,94.56666666666666,140.76666666666665,125.0,110.3,187.33333333333334
Newfoundland and Labrador,2020,4,140.63333333333333,150.4,166.26666666666668,166.56666666666666,146.6,131.16666666666666,154.9333333333333,122.89999999999999,94.43333333333334,143.20000000000002,125.53333333333335,111.73333333333333,198.03333333333333
Newfoundland and Labrador,2021,1,142.33333333333334,151.56666666666666,167.1,182.13333333333333,171.20000000000002,134.5,154.46666666666667,120.73333333333333,93.06666666666668,150.33333333333334,125.06666666666666,113.43333333333334,200.36666666666667
Newfoundland and Labrador,2021,2,144.0666666666667,153.5,168.9,191.46666666666667,185.23333333333335,137.13333333333333,154.86666666666667,119.96666666666665,94.53333333333335,154.46666666666667,126.43333333333334,112.83333333333333,205.20000000000002
Newfoundland and Labrador,2021,3,145.73333333333335,155.9,170.36666666666667,201.70000000000002,198.0666666666667,139.46666666666667,155.4,119.93333333333334,94.39999999999999,158.5,127.06666666666666,112.60000000000001,209.83333333333334
Newfoundland and Labrador,2021,4,146.66666666666666,157.83333333333334,170.83333333333334,205.63333333333333,203.29999999999998,141.1,155.20000000000002,120.53333333333335,94.86666666666667,160.13333333333333,127.56666666666666,112.76666666666667,210.73333333333335
Newfoundland and Labrador,2022,1,149.66666666666666,162.83333333333334,174.53333333333333,222.13333333333333,223.29999999999998,145.5,155.70000000000002,120.33333333333333,94.03333333333335,166.03333333333333,128.73333333333332,115.53333333333335,211.46666666666667
Newfoundland and Labrador,2022,2,155.0,167.26666666666665,181.46666666666667,261.73333333333335,269.2,153.03333333333333,157.20000000000002,123.43333333333334,95.56666666666668,178.36666666666667,128.96666666666667,117.03333333333335,213.26666666666665
Newfoundland and Labrador,2022,3,155.16666666666666,171.76666666666665,180.13333333333333,237.13333333333333,237.6,151.5666666666667,159.96666666666667,124.26666666666667,94.86666666666667,175.36666666666667,128.1,118.3,214.29999999999998
Newfoundland and Labrador,2022,4,155.93333333333334,173.96666666666667,184.70000000000002,232.16666666666666,223.70000000000002,151.86666666666667,161.5666666666667,124.36666666666667,95.53333333333335,173.0,129.9,116.2,217.79999999999998
Newfoundland and Labrador,2023,1,156.76666666666668,178.76666666666665,185.63333333333333,224.20000000000002,214.1,152.73333333333332,162.26666666666665,124.73333333333333,94.93333333333334,170.63333333333333,134.63333333333333,115.96666666666665,219.66666666666666
Newfoundland and Labrador,2023,2,158.5666666666667,182.0,185.53333333333333,220.79999999999998,219.0,154.20000000000002,164.6,126.5,96.46666666666665,171.36666666666667,137.9,118.83333333333333,222.76666666666665
Newfoundland and Labrador,2023,3,160.53333333333333,183.79999999999998,191.13333333333333,240.5,238.1,156.46666666666667,166.16666666666666,124.10000000000001,93.03333333333335,176.20000000000002,139.73333333333335,121.23333333333333,225.29999999999998
Newfoundland and Labrador,2023,4,160.03333333333333,184.4,193.9,227.53333333333333,217.73333333333335,155.03333333333333,167.03333333333333,123.16666666666667,93.33333333333333,172.5,140.53333333333333,118.56666666666666,225.96666666666667
Newfoundland and Labrador,2024,1,160.76666666666668,187.1,195.6,224.26666666666665,216.86666666666667,155.53333333333333,168.0666666666667,123.3,90.03333333333335,172.23333333333335,143.23333333333332,118.5,227.6
Newfoundland and Labrador,2024,2,162.53333333333333,187.9333333333333,196.6,236.4,237.23333333333335,157.0,170.29999999999998,123.36666666666667,90.8,176.5666666666667,146.46666666666667,120.56666666666666,230.9
Newfoundland and Labrador,2024,3,162.70000000000002,190.16666666666666,197.96666666666667,231.53333333333333,223.79999999999998,156.23333333333332,171.83333333333334,123.93333333333334,88.46666666666665,174.6,145.43333333333334,120.8,232.4
Newfoundland and Labrador,2024,4,161.56666666666666,188.1,201.0666666666667,227.96666666666667,213.4,154.79999999999998,171.1,122.03333333333335,86.56666666666666,171.9333333333333,146.0,117.96666666666665,230.9
Newfoundland and Labrador,2025,1,162.36666666666667,187.4,203.63333333333335,233.66666666666666,219.79999999999998,156.13333333333335,171.1,123.5,86.43333333333334,173.86666666666667,145.06666666666666,118.39999999999999,227.0
Newfoundland and Labrador,2025,2,163.63333333333333,195.1,202.36666666666667,216.63333333333333,193.66666666666666,156.29999999999998,174.03333333333333,124.8,88.83333333333333,170.36666666666667,147.66666666666666,119.39999999999999,233.96666666666667
Newfoundland and Labrador,2025,3,165.4,196.29999999999998,206.26666666666665,225.26666666666665,196.96666666666667,157.9333333333333,175.96666666666667,126.5,88.3,170.79999999999998,149.63333333333333,122.63333333333333,234.16666666666666
Nova Scotia,2020,1,138.53333333333333,156.5,152.0,160.4,137.46666666666667,132.63333333333333,145.36666666666667,121.26666666666667,101.60000000000001,134.33333333333334,124.0,120.66666666666667,205.33333333333334
Nova Scotia,2020,2,136.9,158.23333333333335,148.29999999999998,135.66666666666666,106.5,129.13333333333333,145.73333333333332,122.10000000000001,95.73333333333333,130.23333333333332,124.7,120.56666666666666,208.4333333333333
Nova Scotia,2020,3,137.6,157.29999999999998,148.5,147.66666666666666,128.36666666666667,130.4,145.79999999999998,121.93333333333334,98.33333333333333,133.5666666666667,125.56666666666666,120.13333333333333,204.66666666666666
Nova Scotia,2020,4,138.6,156.73333333333332,151.03333333333333,148.36666666666667,126.83333333333333,131.13333333333333,147.06666666666666,122.53333333333335,100.03333333333335,133.9333333333333,126.39999999999999,121.36666666666667,204.79999999999998
Nova Scotia,2021,1,140.96666666666667,158.36666666666667,154.26666666666668,168.4,156.4333333333333,134.79999999999998,148.1,122.46666666666665,96.43333333333332,141.1,125.7,122.63333333333333,206.5666666666667
Nova Scotia,2021,2,142.86666666666667,159.6,156.23333333333335,177.96666666666667,171.5666666666667,137.20000000000002,149.33333333333334,122.23333333333333,97.89999999999999,145.4,127.13333333333333,122.93333333333334,210.86666666666667
Nova Scotia,2021,3,144.4333333333333,162.06666666666666,157.76666666666665,184.03333333333333,181.70000000000002,139.20000000000002,150.43333333333334,122.5,97.06666666666666,149.26666666666668,128.70000000000002,123.36666666666667,212.20000000000002
Nova Scotia,2021,4,145.76666666666668,164.03333333333333,160.5,189.9666666666667,185.86666666666667,141.13333333333335,150.86666666666667,122.46666666666665,98.33333333333333,150.53333333333333,129.13333333333333,123.3,213.16666666666666
Nova Scotia,2022,1,149.13333333333333,169.46666666666667,163.76666666666668,211.5666666666667,209.13333333333333,146.86666666666667,151.33333333333334,124.23333333333333,97.63333333333333,158.1,129.66666666666666,125.76666666666667,212.79999999999998
Nova Scotia,2022,2,154.86666666666667,174.23333333333335,170.83333333333334,251.5,256.6666666666667,155.0,153.9333333333333,127.5,99.06666666666666,170.66666666666666,131.20000000000002,127.8,218.83333333333334
Nova Scotia,2022,3,155.86666666666665,178.16666666666666,171.33333333333334,231.16666666666666,228.96666666666667,154.29999999999998,157.0666666666667,128.46666666666667,100.33333333333333,167.63333333333333,133.73333333333332,131.4,219.0
Nova Scotia,2022,4,157.33333333333334,181.1,176.66666666666666,234.29999999999998,215.9,155.96666666666667,158.36666666666665,129.13333333333333,101.13333333333333,165.46666666666667,135.26666666666665,128.73333333333332,224.53333333333333
Nova Scotia,2023,1,158.03333333333333,186.03333333333333,176.5,218.4,203.13333333333333,156.0,159.76666666666668,129.63333333333333,102.43333333333334,163.26666666666668,137.46666666666667,128.93333333333334,225.96666666666667
Nova Scotia,2023,2,159.16666666666666,189.33333333333334,176.1,212.70000000000002,209.73333333333335,156.5,161.66666666666666,127.8,101.56666666666666,164.63333333333333,142.4333333333333,132.23333333333332,230.70000000000002
Nova Scotia,2023,3,162.6,190.96666666666667,180.96666666666667,239.79999999999998,242.96666666666667,160.63333333333333,164.29999999999998,127.26666666666667,101.73333333333333,173.23333333333335,143.43333333333334,137.43333333333334,230.9
Nova Scotia,2023,4,162.26666666666665,191.9333333333333,185.9,227.6,216.5,158.63333333333333,165.9333333333333,125.39999999999999,102.60000000000001,167.66666666666666,142.96666666666667,133.93333333333334,232.66666666666666
Nova Scotia,2024,1,162.83333333333334,193.9333333333333,187.26666666666665,228.69999999999996,215.5,158.93333333333334,166.83333333333334,127.7,96.83333333333333,167.46666666666667,143.86666666666667,132.70000000000002,233.4333333333333
Nova Scotia,2024,2,164.66666666666666,195.63333333333333,187.53333333333333,237.03333333333333,237.03333333333333,160.4,169.03333333333333,128.0,96.39999999999999,172.4333333333333,147.1,134.33333333333334,239.66666666666666
Nova Scotia,2024,3,165.0,196.70000000000002,188.86666666666667,227.86666666666667,222.6,159.1,171.29999999999998,128.29999999999998,95.8,170.66666666666666,146.23333333333332,136.13333333333335,240.26666666666665
Nova Scotia,2024,4,164.46666666666667,195.46666666666667,190.86666666666667,219.46666666666667,208.76666666666665,158.03333333333333,171.29999999999998,127.93333333333332,95.5,168.4,147.20000000000002,133.36666666666667,238.96666666666667
Nova Scotia,2025,1,165.93333333333334,194.5333333333333,195.36666666666667,230.5666666666667,217.16666666666666,160.23333333333332,172.03333333333333,128.66666666666666,96.39999999999999,170.4,147.13333333333333,134.66666666666666,236.4333333333333
Nova Scotia,2025,2,167.03333333333333,200.9,196.03333333333333,210.83333333333334,190.03333333333333,158.79999999999998,175.86666666666667,129.83333333333334,96.5,166.23333333333332,149.29999999999998,136.1,241.46666666666667
Nova Scotia,2025,3,168.6,203.5666666666667,196.96666666666667,214.0666666666667,195.5666666666667,159.70000000000002,178.16666666666666,130.53333333333333,97.53333333333335,167.79999999999998,151.73333333333335,139.1,240.13333333333333
Ontario,2020,1,138.20000000000002,154.73333333333335,149.20000000000002,150.03333333333333,152.4333333333333,120.86666666666667,153.63333333333333,124.86666666666667,92.33333333333333,142.66666666666666,130.23333333333335,116.7,176.23333333333335
Ontario,2020,2,137.79999999999998,156.36666666666667,148.70000000000002,135.1,132.43333333333334,119.10000000000001,154.66666666666666,125.66666666666667,88.60000000000001,140.86666666666667,128.76666666666668,118.09999999999998,176.5666666666667
Ontario,2020,3,138.5666666666667,155.83333333333334,150.06666666666666,148.9,151.86666666666667,120.46666666666665,154.76666666666665,125.53333333333335,89.7,142.29999999999998,129.20000000000002,118.43333333333334,176.76666666666665
Ontario,2020,4,138.9,155.16666666666666,152.29999999999998,151.23333333333332,148.76666666666665,120.86666666666667,155.13333333333333,125.60000000000001,90.5,141.9333333333333,130.03333333333333,117.03333333333335,176.26666666666665
Ontario,2021,1,140.23333333333332,157.26666666666665,152.16666666666666,157.73333333333335,172.26666666666665,122.73333333333333,155.9333333333333,126.3,88.96666666666665,147.26666666666668,130.53333333333333,117.2,177.63333333333333
Ontario,2021,2,142.5,157.79999999999998,155.73333333333332,172.73333333333335,189.53333333333333,125.39999999999999,157.76666666666668,126.89999999999999,90.2,150.73333333333332,133.23333333333332,118.66666666666667,178.86666666666667
Ontario,2021,3,144.06666666666666,159.83333333333334,157.66666666666666,177.76666666666665,200.23333333333335,126.89999999999999,159.43333333333334,128.20000000000002,89.96666666666665,153.1,134.6,119.63333333333333,177.20000000000002
Ontario,2021,4,145.9,162.5,160.6,186.16666666666666,207.79999999999998,128.9,161.0,129.06666666666666,92.23333333333333,155.5,134.83333333333334,118.93333333333334,177.63333333333333
Ontario,2022,1,149.0,168.66666666666666,163.13333333333335,198.96666666666667,231.76666666666665,133.06666666666666,163.0,130.83333333333334,91.26666666666667,161.13333333333333,135.96666666666667,121.26666666666667,180.26666666666665
Ontario,2022,2,153.23333333333332,172.73333333333335,167.0,229.9,280.96666666666664,138.73333333333332,165.63333333333333,133.86666666666667,92.96666666666665,170.96666666666667,139.23333333333332,123.63333333333333,180.73333333333335
Ontario,2022,3,154.26666666666665,175.79999999999998,168.93333333333334,215.13333333333333,240.86666666666667,138.5,167.93333333333334,135.20000000000002,92.16666666666667,167.56666666666666,141.0666666666667,126.13333333333333,181.23333333333335
Ontario,2022,4,155.13333333333333,178.53333333333333,171.4333333333333,209.4333333333333,227.1,138.96666666666667,169.23333333333332,135.76666666666668,93.7,165.83333333333334,142.66666666666666,123.46666666666665,182.86666666666667
Ontario,2023,1,156.46666666666667,184.4333333333333,173.23333333333335,201.83333333333334,213.79999999999998,140.16666666666666,170.56666666666666,135.83333333333334,92.53333333333335,163.86666666666667,144.76666666666668,124.3,187.9333333333333
Ontario,2023,2,158.26666666666668,186.26666666666665,174.66666666666666,203.76666666666665,229.1,141.70000000000002,172.73333333333335,136.43333333333334,93.76666666666667,167.6,147.83333333333334,126.56666666666666,189.33333333333334
Ontario,2023,3,159.73333333333332,186.96666666666667,177.0666666666667,211.5,241.33333333333334,142.86666666666667,174.4333333333333,135.16666666666666,94.13333333333333,171.66666666666666,148.93333333333334,127.43333333333334,191.1
Ontario,2023,4,160.29999999999998,187.4,180.4333333333333,199.53333333333333,216.66666666666666,141.79999999999998,176.6,134.63333333333333,95.53333333333335,168.33333333333334,149.0,127.73333333333335,192.13333333333333
Ontario,2024,1,160.5,189.4,182.5666666666667,199.76666666666665,217.0666666666667,141.5666666666667,177.16666666666666,133.26666666666665,92.0,168.56666666666666,149.5,125.60000000000001,193.96666666666667
Ontario,2024,2,162.83333333333334,190.73333333333335,184.79999999999998,211.86666666666667,240.5,143.33333333333334,180.0333333333333,134.66666666666666,92.63333333333333,173.6,152.29999999999998,127.96666666666668,194.96666666666667
Ontario,2024,3,163.33333333333334,192.53333333333333,186.29999999999998,206.5,231.4,142.76666666666668,181.46666666666667,134.86666666666667,91.63333333333333,172.9,153.43333333333334,127.33333333333333,195.76666666666665
Ontario,2024,4,163.23333333333332,191.76666666666665,188.20000000000002,199.73333333333335,221.16666666666666,141.83333333333334,182.16666666666666,132.76666666666668,92.16666666666667,172.0666666666667,154.16666666666666,126.66666666666667,194.53333333333333
Ontario,2025,1,164.1,190.73333333333335,189.63333333333333,204.53333333333333,225.4,143.0666666666667,182.66666666666666,134.56666666666666,91.93333333333334,173.66666666666666,154.26666666666668,127.83333333333333,191.9
Ontario,2025,2,165.5666666666667,197.29999999999998,189.23333333333335,183.4333333333333,196.20000000000002,142.6,185.86666666666667,136.70000000000002,93.89999999999999,171.20000000000002,156.1,130.20000000000002,198.0
Ontario,2025,3,166.20000000000002,199.5,189.66666666666666,188.46666666666667,198.66666666666666,143.20000000000002,186.53333333333333,137.93333333333334,91.73333333333333,172.26666666666665,157.29999999999998,129.6,198.16666666666666
Prince Edward Island,2020,1,138.46666666666667,157.20000000000002,140.4,169.1,156.23333333333332,137.06666666666666,139.79999999999998,129.23333333333332,102.93333333333334,138.76666666666668,129.0666666666667,120.13333333333333,201.46666666666667
Prince Edward Island,2020,2,136.53333333333333,160.0,134.76666666666668,138.29999999999998,124.66666666666667,132.70000000000002,140.56666666666666,130.43333333333334,97.36666666666667,134.4333333333333,130.1,120.36666666666667,202.5
Prince Edward Island,2020,3,138.23333333333332,160.13333333333333,137.23333333333335,153.13333333333333,147.9333333333333,135.13333333333333,141.5,130.9,97.7,137.56666666666666,130.86666666666667,122.76666666666665,205.26666666666665
Prince Edward Island,2020,4,138.36666666666667,158.9,138.86666666666667,154.13333333333333,147.36666666666667,135.46666666666667,141.43333333333334,130.16666666666666,101.83333333333333,137.56666666666666,131.1,120.63333333333333,202.03333333333333
Prince Edward Island,2021,1,140.86666666666667,161.73333333333332,142.0,174.4333333333333,173.53333333333333,139.79999999999998,141.79999999999998,129.66666666666666,97.43333333333334,144.26666666666668,130.66666666666666,122.56666666666666,208.23333333333335
Prince Edward Island,2021,2,144.06666666666666,162.5666666666667,148.33333333333334,190.63333333333333,191.76666666666665,143.5666666666667,144.29999999999998,130.46666666666667,98.7,148.9,133.33333333333334,123.96666666666665,211.16666666666666
Prince Edward Island,2021,3,146.83333333333334,165.53333333333333,152.23333333333332,202.0666666666667,204.0,146.83333333333334,146.4333333333333,132.36666666666667,98.53333333333335,152.66666666666666,134.36666666666667,126.2,212.96666666666667
Prince Edward Island,2021,4,147.73333333333335,167.0,155.56666666666666,211.20000000000002,209.23333333333335,148.76666666666668,146.0,132.73333333333335,98.66666666666667,154.9333333333333,135.13333333333333,121.13333333333333,212.36666666666667
Prince Edward Island,2022,1,151.83333333333334,173.20000000000002,161.63333333333333,238.23333333333335,233.29999999999998,155.1,147.26666666666668,135.16666666666666,97.53333333333335,161.1,135.96666666666667,122.8,211.9333333333333
Prince Edward Island,2022,2,158.9333333333333,178.96666666666667,169.4,293.43333333333334,292.1333333333333,165.9,149.79999999999998,139.70000000000002,100.43333333333334,176.4333333333333,140.53333333333333,125.13333333333333,215.23333333333335
Prince Edward Island,2022,3,159.63333333333333,183.16666666666666,168.0,267.2,267.2,164.36666666666667,153.23333333333332,140.93333333333334,98.8,173.9333333333333,143.16666666666666,129.56666666666666,217.0666666666667
Prince Edward Island,2022,4,160.6,185.63333333333333,175.33333333333334,270.96666666666664,250.43333333333337,165.79999999999998,153.5666666666667,140.46666666666667,101.0,170.9333333333333,143.56666666666666,124.36666666666667,218.5
Prince Edward Island,2023,1,160.73333333333332,189.96666666666667,173.96666666666667,253.13333333333333,240.5,165.5,154.33333333333334,139.86666666666667,100.96666666666665,169.29999999999998,145.16666666666666,124.93333333333334,220.70000000000002
Prince Edward Island,2023,2,161.33333333333334,193.83333333333334,169.06666666666666,234.9,244.36666666666667,165.20000000000002,155.9,139.70000000000002,101.23333333333333,170.43333333333334,149.76666666666668,128.33333333333334,225.66666666666666
Prince Edward Island,2023,3,164.1,196.5666666666667,172.13333333333333,265.90000000000003,269.5,169.13333333333333,157.36666666666667,138.9,100.83333333333333,177.63333333333333,151.16666666666666,131.6,225.96666666666667
Prince Edward Island,2023,4,163.1,197.23333333333335,174.9,249.0666666666667,240.4333333333333,167.33333333333334,157.23333333333335,136.86666666666667,100.43333333333334,173.4,150.83333333333334,127.03333333333332,226.76666666666665
Prince Edward Island,2024,1,163.73333333333335,199.53333333333333,177.20000000000002,246.20000000000002,240.03333333333333,167.23333333333332,158.63333333333333,137.9,98.06666666666666,172.63333333333333,151.9,125.33333333333333,228.0
Prince Edward Island,2024,2,166.23333333333335,201.86666666666667,177.76666666666665,254.4,260.3,169.36666666666667,161.5,138.56666666666666,101.7,177.66666666666666,155.5666666666667,128.1,231.83333333333334
Prince Edward Island,2024,3,166.4,203.20000000000002,176.9,246.63333333333333,252.0666666666667,168.36666666666667,162.86666666666667,140.0666666666667,99.26666666666667,176.0,156.29999999999998,130.29999999999998,232.70000000000002
Prince Edward Island,2024,4,165.0,200.73333333333335,178.46666666666667,239.66666666666666,241.13333333333333,166.83333333333334,161.56666666666666,138.4,99.2,173.86666666666667,155.5,125.8,231.0
Prince Edward Island,2025,1,166.46666666666667,199.69999999999996,181.5666666666667,252.30000000000004,250.79999999999998,169.73333333333332,161.63333333333333,138.86666666666667,100.06666666666666,177.46666666666667,156.43333333333334,127.56666666666668,228.66666666666666
Prince Edward Island,2025,2,167.36666666666667,208.36666666666667,179.4,223.96666666666667,220.1,168.5666666666667,164.6,141.13333333333333,101.03333333333335,171.9333333333333,157.96666666666667,128.73333333333332,237.26666666666665
Prince Edward Island,2025,3,168.6,211.36666666666667,178.96666666666667,228.46666666666667,223.70000000000002,169.6,165.96666666666667,142.33333333333334,97.13333333333333,173.66666666666666,160.0666666666667,132.6,235.9333333333333
Quebec,2020,1,132.76666666666665,152.26666666666665,137.6,142.70000000000002,154.5,123.36666666666667,143.33333333333334,123.46666666666665,95.43333333333334,140.03333333333333,127.33333333333333,103.26666666666667,159.73333333333332
Quebec,2020,2,132.13333333333333,154.20000000000002,137.1,129.16666666666666,128.9333333333333,121.56666666666666,143.96666666666667,123.7,89.60000000000001,137.26666666666665,127.63333333333333,103.5,160.36666666666667
Quebec,2020,3,132.79999999999998,153.26666666666668,137.5,137.96666666666667,148.23333333333332,122.2,144.70000000000002,124.26666666666667,90.33333333333333,139.26666666666668,129.16666666666666,104.46666666666665,161.03333333333333
Quebec,2020,4,133.33333333333334,153.20000000000002,138.33333333333334,136.53333333333333,144.86666666666667,122.60000000000001,145.4,124.39999999999999,92.53333333333335,139.36666666666667,131.0,104.46666666666665,162.63333333333333
Quebec,2021,1,135.0,154.9,139.1,147.86666666666667,166.9,124.89999999999999,146.26666666666668,124.53333333333335,91.3,145.0,131.0666666666667,105.43333333333334,164.33333333333334
Quebec,2021,2,137.06666666666666,155.66666666666666,141.4,156.1,182.20000000000002,127.0,148.36666666666667,126.2,93.23333333333333,148.73333333333332,133.26666666666665,106.83333333333333,166.53333333333333
Quebec,2021,3,138.79999999999998,157.46666666666667,143.5,162.43333333333334,194.63333333333333,128.70000000000002,150.13333333333333,127.66666666666667,91.36666666666667,152.03333333333333,134.0,108.13333333333333,169.06666666666666
Quebec,2021,4,140.29999999999998,160.26666666666668,144.5666666666667,169.33333333333334,206.6,130.73333333333335,150.9333333333333,128.79999999999998,93.89999999999999,154.6,134.13333333333333,108.0,169.96666666666667
Quebec,2022,1,142.73333333333332,165.13333333333333,146.29999999999998,182.1,230.16666666666666,134.16666666666666,152.1,129.86666666666667,90.8,159.66666666666666,135.53333333333333,110.36666666666667,172.73333333333335
Quebec,2022,2,147.26666666666665,170.26666666666665,150.63333333333333,210.29999999999998,279.5333333333333,139.73333333333335,155.26666666666668,131.93333333333334,93.0,170.73333333333335,138.4333333333333,112.66666666666667,173.46666666666667
Quebec,2022,3,148.5,173.16666666666666,151.96666666666667,197.20000000000002,252.5666666666667,139.83333333333334,157.93333333333334,133.53333333333333,91.89999999999999,169.53333333333333,140.46666666666667,114.83333333333333,175.83333333333334
Quebec,2022,4,149.4333333333333,177.73333333333335,154.36666666666667,188.46666666666667,230.23333333333335,140.46666666666667,159.23333333333332,132.86666666666667,94.40000000000002,166.26666666666665,142.66666666666666,113.46666666666665,177.79999999999998
Quebec,2023,1,150.6,182.4333333333333,155.93333333333334,181.79999999999998,219.66666666666666,141.26666666666668,160.79999999999998,133.53333333333333,91.86666666666667,165.4333333333333,143.53333333333333,113.60000000000001,182.1
Quebec,2023,2,153.36666666666667,186.1,158.33333333333334,187.20000000000002,233.70000000000002,143.83333333333334,163.83333333333334,134.36666666666667,95.16666666666667,168.33333333333334,146.6,117.46666666666665,185.76666666666665
Quebec,2023,3,155.0666666666667,187.16666666666666,161.63333333333333,194.29999999999998,246.4333333333333,144.66666666666666,166.53333333333333,133.63333333333333,92.89999999999999,172.73333333333335,147.46666666666667,119.10000000000001,187.5666666666667
Quebec,2023,4,155.29999999999998,187.5666666666667,165.0666666666667,185.5,226.1,143.73333333333332,168.1,132.66666666666666,93.60000000000001,170.20000000000002,147.53333333333333,117.53333333333335,188.1
Quebec,2024,1,155.66666666666666,188.83333333333334,167.13333333333333,183.36666666666667,222.6,143.13333333333333,169.53333333333333,133.0,88.39999999999999,170.20000000000002,148.96666666666667,116.36666666666667,189.96666666666667
Quebec,2024,2,157.56666666666666,189.33333333333334,169.4,192.96666666666667,239.83333333333334,144.5,172.03333333333333,133.20000000000002,91.36666666666667,173.53333333333333,151.43333333333334,118.43333333333334,192.26666666666665
Quebec,2024,3,157.66666666666666,190.29999999999998,171.6,186.6,228.1,143.1,173.9333333333333,132.9,87.36666666666667,171.53333333333333,152.0,118.96666666666665,194.03333333333333
Quebec,2024,4,157.73333333333335,189.70000000000002,173.76666666666665,179.79999999999998,214.1,142.63333333333333,174.6,132.16666666666666,90.06666666666666,169.43333333333334,152.6,117.46666666666665,193.0
Quebec,2025,1,158.63333333333333,191.69999999999996,175.5,183.4,218.03333333333333,144.03333333333333,175.0,132.46666666666667,88.0,170.79999999999998,152.23333333333332,118.36666666666667,194.13333333333333
Quebec,2025,2,160.76666666666668,195.36666666666667,177.5,182.13333333333333,213.79999999999998,145.46666666666667,177.86666666666665,133.70000000000002,89.46666666666665,172.13333333333333,154.9,119.96666666666665,198.73333333333335
Quebec,2025,3,162.03333333333333,196.5666666666667,180.76666666666665,182.83333333333334,213.9333333333333,145.96666666666667,180.03333333333333,134.5,88.83333333333333,172.83333333333334,156.33333333333334,120.0,199.33333333333334
Saskatchewan,2020,1,140.6,155.5666666666667,171.70000000000002,143.93333333333334,141.56666666666666,123.56666666666666,161.9,114.39999999999999,104.96666666666665,134.66666666666666,127.7,115.36666666666667,183.6
Saskatchewan,2020,2,139.9333333333333,155.33333333333334,171.73333333333335,132.83333333333334,117.93333333333334,122.16666666666667,162.20000000000002,115.83333333333333,99.73333333333333,131.6,128.5666666666667,116.5,182.86666666666667
Saskatchewan,2020,3,141.0,155.23333333333332,171.83333333333334,145.76666666666668,143.63333333333333,124.10000000000001,162.20000000000002,116.43333333333334,102.10000000000001,134.33333333333334,129.06666666666666,117.89999999999999,182.4333333333333
Saskatchewan,2020,4,141.36666666666667,154.96666666666667,172.36666666666667,143.86666666666667,139.63333333333333,123.96666666666665,163.06666666666666,117.56666666666666,102.66666666666667,133.93333333333334,128.23333333333332,118.83333333333333,183.03333333333333
Saskatchewan,2021,1,142.53333333333333,157.03333333333333,171.4333333333333,147.83333333333334,155.76666666666665,126.06666666666666,163.16666666666666,115.76666666666667,102.66666666666667,139.2,128.5,120.16666666666667,184.9
Saskatchewan,2021,2,143.79999999999998,158.1,172.70000000000002,160.0,177.29999999999998,128.79999999999998,162.46666666666667,115.73333333333333,103.06666666666666,141.79999999999998,129.96666666666667,120.23333333333333,188.5666666666667
Saskatchewan,2021,3,145.0,159.6,173.66666666666666,163.79999999999998,184.23333333333335,130.63333333333333,162.76666666666665,117.83333333333333,102.23333333333333,143.16666666666666,130.76666666666668,121.10000000000001,190.03333333333333
Saskatchewan,2021,4,146.26666666666668,161.26666666666668,174.9,170.4,193.5666666666667,132.23333333333332,163.63333333333333,117.86666666666667,102.39999999999999,145.5,131.9333333333333,123.13333333333333,190.73333333333335
Saskatchewan,2022,1,149.43333333333334,166.43333333333334,178.4333333333333,184.16666666666666,209.46666666666667,136.5,165.1,119.89999999999999,100.7,151.03333333333333,132.26666666666665,124.96666666666665,193.5
Saskatchewan,2022,2,153.86666666666667,169.56666666666666,179.9,210.70000000000002,255.76666666666665,141.79999999999998,168.03333333333333,121.76666666666667,102.8,166.4,134.46666666666667,125.56666666666666,197.23333333333335
Saskatchewan,2022,3,155.63333333333333,174.73333333333335,182.83333333333334,198.53333333333333,233.13333333333333,141.76666666666668,172.36666666666667,122.26666666666667,102.36666666666667,167.23333333333332,136.06666666666666,125.13333333333333,200.53333333333333
Saskatchewan,2022,4,156.83333333333334,178.1,187.5,198.70000000000002,221.66666666666666,142.96666666666667,173.5666666666667,121.56666666666666,102.76666666666667,165.23333333333335,139.36666666666667,124.93333333333334,200.66666666666666
Saskatchewan,2023,1,157.70000000000002,182.66666666666666,189.4333333333333,191.53333333333333,207.33333333333334,143.5,174.96666666666667,121.89999999999999,102.5,162.36666666666667,141.16666666666666,125.63333333333333,202.79999999999998
Saskatchewan,2023,2,160.43333333333334,184.4666666666667,193.1,201.83333333333334,220.36666666666667,146.4,177.4,123.3,103.43333333333334,166.70000000000002,144.0666666666667,128.4333333333333,205.0
Saskatchewan,2023,3,161.29999999999998,186.03333333333333,194.76666666666665,201.9,220.23333333333335,146.53333333333333,179.23333333333335,122.96666666666665,102.56666666666666,167.63333333333333,144.66666666666666,129.13333333333333,207.96666666666667
Saskatchewan,2023,4,160.36666666666667,186.76666666666665,197.13333333333333,189.9333333333333,201.73333333333335,144.73333333333332,179.5,119.8,101.36666666666667,163.36666666666667,144.53333333333333,127.63333333333333,208.66666666666666
Saskatchewan,2024,1,160.4,189.0666666666667,197.6,180.0666666666667,195.9,143.79999999999998,181.0,120.10000000000001,97.63333333333333,162.20000000000002,145.5,126.23333333333333,211.5
Saskatchewan,2024,2,162.53333333333333,190.46666666666667,200.0,190.96666666666667,215.79999999999998,145.36666666666667,183.83333333333334,119.66666666666667,98.7,166.63333333333333,148.4333333333333,129.63333333333333,212.4333333333333
Saskatchewan,2024,3,163.1,192.0666666666667,201.16666666666666,193.0666666666667,219.63333333333333,145.6,184.83333333333334,120.0,97.0,167.0666666666667,148.4,130.03333333333333,212.70000000000002
Saskatchewan,2024,4,163.03333333333333,192.4,204.33333333333334,184.0,203.4,144.70000000000002,185.9,119.36666666666667,98.93333333333334,163.26666666666665,148.5666666666667,129.5,211.73333333333335
Saskatchewan,2025,1,164.63333333333333,193.76666666666665,206.36666666666667,190.63333333333333,213.79999999999998,146.66666666666666,186.96666666666667,120.06666666666666,99.96666666666665,165.96666666666667,148.70000000000002,131.53333333333333,212.0666666666667
Saskatchewan,2025,2,165.29999999999998,197.70000000000002,206.76666666666665,173.20000000000002,188.70000000000002,145.76666666666668,189.70000000000002,121.76666666666667,101.13333333333333,162.93333333333334,150.13333333333333,130.96666666666667,215.0666666666667
Saskatchewan,2025,3,166.20000000000002,199.66666666666666,208.13333333333333,173.86666666666667,189.66666666666666,146.63333333333333,190.70000000000002,123.0,101.06666666666666,163.13333333333333,152.0666666666667,130.6,215.33333333333334
Whitehorse,2020,1,135.6,135.03333333333333,169.0,178.53333333333333,162.56666666666666,124.33333333333333,148.46666666666667,107.60000000000001,102.5,143.29999999999998,128.5,101.0,176.86666666666667
Whitehorse,2020,2,133.66666666666666,131.70000000000002,166.0,153.76666666666668,126.46666666666665,120.10000000000001,149.29999999999998,106.63333333333333,101.56666666666666,140.16666666666666,128.53333333333333,101.36666666666667,177.33333333333334
Whitehorse,2020,3,133.9,130.83333333333334,166.9333333333333,161.63333333333335,142.36666666666667,120.46666666666665,149.33333333333334,107.10000000000001,100.33333333333333,139.5,128.53333333333333,103.73333333333335,177.66666666666666
Whitehorse,2020,4,134.73333333333335,131.93333333333334,167.86666666666667,163.43333333333334,142.4,121.93333333333334,149.36666666666665,109.43333333333334,103.23333333333333,139.53333333333333,130.70000000000002,101.66666666666667,177.6
Whitehorse,2021,1,136.36666666666667,132.29999999999998,170.63333333333333,172.76666666666665,152.0,124.03333333333335,150.4333333333333,109.7,102.93333333333334,143.9333333333333,130.33333333333334,102.43333333333334,177.9333333333333
Whitehorse,2021,2,138.1,133.36666666666667,171.6,183.4333333333333,168.66666666666666,126.66666666666667,151.1,109.53333333333335,104.5,148.13333333333333,131.93333333333334,104.86666666666667,179.86666666666665
Whitehorse,2021,3,140.20000000000002,134.83333333333334,174.96666666666667,189.16666666666666,181.63333333333333,128.63333333333333,153.46666666666667,111.03333333333335,105.53333333333335,152.66666666666666,132.79999999999998,106.23333333333333,181.16666666666666
Whitehorse,2021,4,140.73333333333335,134.96666666666667,175.9,194.46666666666667,185.0,129.79999999999998,153.13333333333333,111.46666666666665,104.8,154.03333333333333,133.29999999999998,106.2,181.9333333333333
Whitehorse,2022,1,142.83333333333334,138.16666666666666,180.23333333333335,208.33333333333334,197.16666666666666,132.9,153.9,112.39999999999999,104.13333333333333,156.93333333333334,133.06666666666666,106.86666666666667,182.73333333333335
Whitehorse,2022,2,147.63333333333333,141.20000000000002,183.86666666666667,237.5666666666667,237.9333333333333,138.79999999999998,157.20000000000002,116.60000000000001,106.63333333333333,166.86666666666667,136.79999999999998,113.33333333333333,183.16666666666666
Whitehorse,2022,3,150.86666666666667,145.63333333333333,186.9333333333333,231.9333333333333,229.70000000000002,139.73333333333332,163.36666666666667,116.59999999999998,108.13333333333333,172.13333333333333,138.70000000000002,118.3,182.13333333333333
Whitehorse,2022,4,152.0,148.66666666666666,192.20000000000002,234.03333333333333,221.6,141.53333333333333,163.66666666666666,117.13333333333333,108.63333333333333,170.26666666666668,140.5666666666667,115.33333333333333,184.1
Whitehorse,2023,1,152.5666666666667,151.29999999999998,195.4,220.66666666666666,200.29999999999998,141.70000000000002,164.70000000000002,115.76666666666667,109.66666666666667,164.70000000000002,142.23333333333332,114.7,188.26666666666665
Whitehorse,2023,2,155.16666666666666,154.53333333333333,196.86666666666667,227.0,217.79999999999998,144.9333333333333,166.4,114.16666666666667,110.36666666666667,168.76666666666668,146.9,120.2,191.6
Whitehorse,2023,3,157.73333333333335,156.43333333333334,200.33333333333334,229.0,225.0,144.9,171.63333333333333,111.10000000000001,109.60000000000001,172.86666666666667,148.79999999999998,127.63333333333334,192.53333333333333
Whitehorse,2023,4,156.46666666666667,156.53333333333333,203.0,228.26666666666665,221.83333333333334,144.5,169.53333333333333,110.26666666666667,106.39999999999999,170.63333333333333,149.23333333333335,120.89999999999999,192.4333333333333
Whitehorse,2024,1,156.33333333333334,159.13333333333333,205.9333333333333,220.16666666666666,204.6,144.4,169.33333333333334,110.36666666666667,104.2,168.70000000000002,149.79999999999998,115.56666666666666,194.36666666666667
Whitehorse,2024,2,158.23333333333335,159.13333333333333,207.9,225.6,224.9666666666667,145.33333333333334,172.20000000000002,110.53333333333335,105.39999999999999,170.9333333333333,151.70000000000002,119.86666666666667,197.79999999999998
Whitehorse,2024,3,160.16666666666666,162.36666666666665,211.76666666666665,224.36666666666667,223.53333333333333,145.29999999999998,176.16666666666666,110.63333333333333,104.39999999999999,171.20000000000002,151.53333333333333,122.46666666666665,198.6
Whitehorse,2024,4,159.76666666666665,163.4,215.23333333333335,233.9,218.0666666666667,146.26666666666665,174.4,111.06666666666666,106.06666666666666,168.16666666666666,151.93333333333334,117.83333333333333,193.26666666666665
Whitehorse,2025,1,161.29999999999998,165.26666666666665,218.79999999999998,233.13333333333333,216.13333333333333,147.6,176.13333333333333,112.13333333333333,107.46666666666665,166.46666666666667,152.13333333333333,119.2,195.23333333333335
Whitehorse,2025,2,163.26666666666668,168.36666666666667,221.0,235.20000000000002,192.19999999999996,149.0666666666667,178.5666666666667,114.56666666666666,108.23333333333333,168.79999999999998,155.36666666666667,118.5,197.79999999999998
Whitehorse,2025,3,164.96666666666667,168.76666666666665,225.0,249.46666666666667,192.19999999999996,150.63333333333333,180.4,116.46666666666665,107.89999999999999,171.9,156.9,117.96666666666665,197.9666666666667
Yellowknife,2020,1,140.73333333333332,148.63333333333333,163.70000000000002,188.13333333333333,141.03333333333333,131.70000000000002,149.73333333333335,112.89999999999999,109.89999999999999,141.06666666666666,126.66666666666667,110.13333333333333,182.86666666666667
Yellowknife,2020,2,138.26666666666668,145.33333333333334,158.70000000000002,156.79999999999998,114.89999999999999,126.66666666666667,149.9333333333333,112.93333333333334,106.86666666666667,139.83333333333334,124.26666666666667,108.33333333333333,183.33333333333334
Yellowknife,2020,3,137.9,145.36666666666667,159.5,167.13333333333333,133.06666666666666,126.73333333333333,149.13333333333333,112.5,105.03333333333335,138.29999999999998,125.7,108.13333333333333,180.5
Yellowknife,2020,4,138.5,145.4,160.26666666666668,171.6,136.5,127.83333333333333,149.20000000000002,113.5,104.33333333333333,139.6,126.06666666666666,108.13333333333333,179.96666666666667
Yellowknife,2021,1,139.73333333333332,146.66666666666666,162.70000000000002,182.1,143.4333333333333,130.36666666666667,149.16666666666666,113.0,106.26666666666667,142.70000000000002,124.2,107.03333333333335,180.9333333333333
Yellowknife,2021,2,140.9333333333333,144.86666666666667,163.36666666666667,192.0666666666667,159.96666666666667,132.4,149.4,111.66666666666667,107.76666666666667,147.29999999999998,128.29999999999998,107.89999999999999,182.5
Yellowknife,2021,3,142.9,147.63333333333333,163.5,196.63333333333333,170.4333333333333,135.6,149.6,112.8,107.8,151.56666666666666,124.8,112.7,183.0666666666667
Yellowknife,2021,4,144.5,149.93333333333334,165.66666666666666,204.83333333333334,173.36666666666665,138.1,149.86666666666667,113.43333333333334,107.93333333333334,152.9333333333333,126.5,114.73333333333333,183.0666666666667
Yellowknife,2022,1,147.36666666666667,153.9,170.16666666666666,220.46666666666667,184.83333333333334,142.29999999999998,150.70000000000002,115.23333333333333,109.63333333333333,156.0666666666667,124.93333333333334,116.5,183.9
Yellowknife,2022,2,151.63333333333335,157.16666666666666,177.16666666666666,251.96666666666667,216.79999999999998,148.5666666666667,151.86666666666667,118.2,110.7,164.46666666666667,132.13333333333335,117.7,184.9333333333333
Yellowknife,2022,3,153.53333333333333,161.13333333333333,178.23333333333335,250.63333333333333,209.79999999999998,150.13333333333333,154.16666666666666,119.5,110.73333333333333,168.83333333333334,133.03333333333333,118.0,187.46666666666667
Yellowknife,2022,4,155.1,164.6,180.0666666666667,246.16666666666666,195.36666666666667,151.29999999999998,156.29999999999998,120.2,111.96666666666665,166.76666666666668,135.96666666666667,119.13333333333333,191.73333333333335
Yellowknife,2023,1,155.5666666666667,172.80000000000004,179.76666666666665,234.4,183.23333333333335,152.1,156.26666666666665,113.26666666666667,112.93333333333334,164.4,136.29999999999998,120.5,193.9
Yellowknife,2023,2,156.86666666666667,176.5333333333333,181.46666666666667,238.66666666666666,190.36666666666665,155.1,155.0,113.56666666666666,115.33333333333333,167.26666666666668,138.70000000000002,117.7,194.5666666666667
Yellowknife,2023,3,157.63333333333333,178.0,184.86666666666667,247.86666666666665,190.86666666666667,156.20000000000002,155.43333333333334,109.63333333333333,115.59999999999998,169.13333333333333,139.33333333333334,117.7,195.66666666666666
Yellowknife,2023,4,157.63333333333333,177.83333333333334,188.46666666666667,254.36666666666667,190.4333333333333,156.0,155.70000000000002,106.26666666666665,112.39999999999999,167.93333333333334,138.0666666666667,118.60000000000001,195.83333333333334
Yellowknife,2024,1,159.03333333333333,180.03333333333333,191.1,245.5,179.83333333333334,156.23333333333332,158.33333333333334,107.5,110.63333333333333,167.93333333333334,140.56666666666666,119.03333333333335,197.36666666666667
Yellowknife,2024,2,159.66666666666666,181.0,190.03333333333333,238.33333333333334,185.66666666666666,156.4,159.53333333333333,108.76666666666667,112.16666666666667,168.13333333333333,144.63333333333333,119.53333333333335,199.9333333333333
Yellowknife,2024,3,160.1,182.20000000000002,191.9,243.20000000000002,187.0,156.73333333333332,160.06666666666666,107.43333333333334,112.86666666666667,168.20000000000002,141.86666666666667,119.13333333333333,201.79999999999998
Yellowknife,2024,4,160.73333333333335,185.5,192.9,242.6,185.86666666666667,157.63333333333333,160.5,107.86666666666667,112.40000000000002,165.93333333333334,140.93333333333334,119.13333333333333,203.26666666666665
Yellowknife,2025,1,162.79999999999998,186.86666666666667,199.53333333333333,245.86666666666667,186.0666666666667,158.73333333333332,163.46666666666667,108.13333333333333,110.93333333333334,164.9,139.9,122.0,203.23333333333335
Yellowknife,2025,2,163.36666666666667,190.20000000000002,198.79999999999998,232.0666666666667,164.4333333333333,158.56666666666666,164.70000000000002,108.13333333333333,113.0,165.1,142.03333333333333,119.96666666666665,205.76666666666665
Yellowknife,2025,3,163.16666666666666,188.33333333333334,198.66666666666666,229.30000000000004,166.46666666666667,157.83333333333334,165.0,109.3,111.13333333333333,165.5666666666667,143.16666666666666,119.26666666666667,206.29999999999998
